<?xml version="1.0" encoding="UTF-8"?><?xml-stylesheet type='text/xsl' href='_UpgradeReport_Files/UpgradeReport.xslt'?><UpgradeLog>
<Properties><Property Name="Solution" Value="ctf">
</Property><Property Name="Solution File" Value="D:\Gry\Quake 2\jumpmod 1.07\jmpmod10701src\jumpmod107_sourcecode.original\ctf.sln">
</Property><Property Name="User Options File" Value="D:\Gry\Quake 2\jumpmod 1.07\jmpmod10701src\jumpmod107_sourcecode.original\ctf.suo">
</Property><Property Name="Date" Value="12 lipca 2012">
</Property><Property Name="Time" Value="20:27">
</Property></Properties><Event ErrorLevel="0" Project="" Source="ctf.sln" Description="File successfully backed up as D:\Gry\Quake 2\jumpmod 1.07\jmpmod10701src\jumpmod107_sourcecode.original\ctf.sln.old">
</Event><Event ErrorLevel="0" Project="" Source="ctf.suo" Description="File successfully backed up as D:\Gry\Quake 2\jumpmod 1.07\jmpmod10701src\jumpmod107_sourcecode.original\ctf.suo.old">
</Event><Event ErrorLevel="0" Project="ctf" Source="ctf.vcproj" Description="Converting project file 'D:\Gry\Quake 2\jumpmod 1.07\jmpmod10701src\jumpmod107_sourcecode.original\ctf.vcproj'.">
</Event><Event ErrorLevel="1" Project="ctf" Source="ctf.vcproj" Description="VCWebServiceProxyGeneratorTool is no longer supported. The tool has been removed from your project settings.">
</Event><Event ErrorLevel="1" Project="ctf" Source="ctf.vcproj" Description="MSB8012: $(TargetName) ('ctf') does not match the Linker's OutputFile property value '.\debug\gamex86.dll' ('gamex86') in project configuration 'Debug|Win32'. This may cause your project to build incorrectly. To correct this, please make sure that $(TargetName) property value matches the value specified in %(Link.OutputFile).">
</Event><Event ErrorLevel="1" Project="ctf" Source="ctf.vcproj" Description="MSB8012: $(TargetPath) ('D:\Gry\Quake 2\jumpmod 1.07\jmpmod10701src\jumpmod107_sourcecode.original\.\debug\ctf.dll') does not match the Linker's OutputFile property value '.\debug\gamex86.dll' ('D:\Gry\Quake 2\jumpmod 1.07\jmpmod10701src\jumpmod107_sourcecode.original\debug\gamex86.dll') in project configuration 'Debug|Win32'. This may cause your project to build incorrectly. To correct this, please make sure that $(TargetPath) property value matches the value specified in %(Link.OutputFile).">
</Event><Event ErrorLevel="1" Project="ctf" Source="ctf.vcproj" Description="MSB8012: $(TargetName) ('ctf') does not match the Linker's OutputFile property value '.\ReleaseAXP\gameaxp.dll' ('gameaxp') in project configuration 'Release Alpha|Win32'. This may cause your project to build incorrectly. To correct this, please make sure that $(TargetName) property value matches the value specified in %(Link.OutputFile).">
</Event><Event ErrorLevel="1" Project="ctf" Source="ctf.vcproj" Description="MSB8012: $(TargetPath) ('D:\Gry\Quake 2\jumpmod 1.07\jmpmod10701src\jumpmod107_sourcecode.original\.\..\ReleaseAXP\ctf.dll') does not match the Linker's OutputFile property value '.\ReleaseAXP\gameaxp.dll' ('D:\Gry\Quake 2\jumpmod 1.07\jmpmod10701src\jumpmod107_sourcecode.original\ReleaseAXP\gameaxp.dll') in project configuration 'Release Alpha|Win32'. This may cause your project to build incorrectly. To correct this, please make sure that $(TargetPath) property value matches the value specified in %(Link.OutputFile).">
</Event><Event ErrorLevel="1" Project="ctf" Source="ctf.vcproj" Description="MSB8012: $(TargetName) ('ctf') does not match the Linker's OutputFile property value '.\debugAXP\gameaxp.dll' ('gameaxp') in project configuration 'Debug Alpha|Win32'. This may cause your project to build incorrectly. To correct this, please make sure that $(TargetName) property value matches the value specified in %(Link.OutputFile).">
</Event><Event ErrorLevel="1" Project="ctf" Source="ctf.vcproj" Description="MSB8012: $(TargetPath) ('D:\Gry\Quake 2\jumpmod 1.07\jmpmod10701src\jumpmod107_sourcecode.original\.\..\DebugAXP\ctf.dll') does not match the Linker's OutputFile property value '.\debugAXP\gameaxp.dll' ('D:\Gry\Quake 2\jumpmod 1.07\jmpmod10701src\jumpmod107_sourcecode.original\debugAXP\gameaxp.dll') in project configuration 'Debug Alpha|Win32'. This may cause your project to build incorrectly. To correct this, please make sure that $(TargetPath) property value matches the value specified in %(Link.OutputFile).">
</Event><Event ErrorLevel="1" Project="ctf" Source="ctf.vcproj" Description="MSB8012: $(TargetName) ('ctf') does not match the Linker's OutputFile property value 'f:\games\quake2\jump\gamex86.dll' ('gamex86') in project configuration 'Release|Win32'. This may cause your project to build incorrectly. To correct this, please make sure that $(TargetName) property value matches the value specified in %(Link.OutputFile).">
</Event><Event ErrorLevel="1" Project="ctf" Source="ctf.vcproj" Description="MSB8012: $(TargetPath) ('D:\Gry\Quake 2\jumpmod 1.07\jmpmod10701src\jumpmod107_sourcecode.original\.\release\ctf.dll') does not match the Linker's OutputFile property value 'f:\games\quake2\jump\gamex86.dll' ('f:\games\quake2\jump\gamex86.dll') in project configuration 'Release|Win32'. This may cause your project to build incorrectly. To correct this, please make sure that $(TargetPath) property value matches the value specified in %(Link.OutputFile).">
</Event><Event ErrorLevel="0" Project="ctf" Source="ctf.vcproj" Description="Done converting to new project file 'D:\Gry\Quake 2\jumpmod 1.07\jmpmod10701src\jumpmod107_sourcecode.original\ctf.vcxproj'.">
</Event><Event ErrorLevel="3" Project="ctf" Source="ctf.vcproj" Description="Converted">
</Event><Event ErrorLevel="0" Project="" Source="ctf.sln" Description="Solution converted successfully">
</Event><Event ErrorLevel="3" Project="" Source="ctf.sln" Description="Converted">
</Event></UpgradeLog>