,pos,name,date,time,map
23379,22,ace,19/05/14,260.991,edge_easy
20375,19,ace,25/05/14,10.623,decinojump17
20919,19,ace,10/5/2014,14.032,popsjmp18a
151164,14,ace,30/03/17,10.39,pprace
14173,13,ace,13/07/14,11.961,apocalypse28
14669,13,ace,2/8/2015,4.733,h4ppyjump5
14821,13,ace,10/10/2014,16.643,jumpclimb2
141032,13,ace,4/12/2015,29.399,neox3
141163,13,ace,18/12/16,16.801,playjump1
141171,13,ace,14/04/15,37.724,popsjmp10
141259,13,ace,11/3/2017,16.365,ramps
141374,13,ace,11/10/2014,21.391,slipmap14a
141413,13,ace,14/11/14,13.07,smaug8
141477,13,ace,18/10/14,7.515,spyzjump3
133,12,ace,9/2/2015,92.748,1337
1338,12,ace,31/01/16,5.952,ac1_race1
1353,12,ace,4/11/2015,24.962,adrenjumps10
1357,12,ace,28/02/16,24.054,adrenjumps14
1369,12,ace,6/2/2015,13.359,adrenjumps28
13109,12,ace,9/2/2016,19.53,aljump11
13175,12,ace,4/6/2014,44.946,apocalypse18
13260,12,ace,28/02/15,13.725,as12
13603,12,ace,21/01/15,24.208,finn1
13764,12,ace,20/03/16,6.936,hilly
13805,12,ace,10/2/2015,6.545,jbtujump8
13821,12,ace,30/11/15,2.233,jjump5
13857,12,ace,15/10/14,7.014,jumpeasy2
13886,12,ace,19/01/16,16.541,jumpish28
13916,12,ace,15/01/15,29.475,jumptest2
131017,12,ace,11/4/2016,6.419,mazemania
131026,12,ace,14/02/14,7.488,mf_jump3b
131079,12,ace,14/06/15,4.442,nephi3
131214,12,ace,9/5/2014,21.695,popsjmp16
131348,12,ace,18/09/14,20.761,rvnxdm7
131355,12,ace,9/6/2015,5.843,secondz7
131371,12,ace,27/06/15,42.175,shais_jump3
131443,12,ace,11/12/2014,23.567,slipmap37
131445,12,ace,9/2/2015,24.632,slipmap39
131637,12,ace,24/04/17,22.485,thewill32
131643,12,ace,25/11/15,4.545,thewill39
131731,12,ace,5/5/2015,17.616,weedsjump5
131755,12,ace,9/5/2014,60.13,xqadren
131782,12,ace,7/10/2014,54.964,xqjump29
131798,12,ace,4/1/2015,84.861,xqjump43
127,11,ace,6/5/2016,8.316,2_race_r3
1255,11,ace,6/3/2015,92.023,adrenjumps12
1297,11,ace,2/3/2015,40.461,aj2
12106,11,ace,26/12/15,10.453,akumanoob3b
12120,11,ace,27/10/14,3.579,aljump21
12212,11,ace,18/02/16,11.25,ariejump25
12240,11,ace,3/9/2014,49.24,ariejump52
12242,11,ace,8/4/2016,54.095,ariejump54
12350,11,ace,11/6/2014,29.507,c1jumps1
12418,11,ace,15/11/14,67.697,chopper1
12466,11,ace,10/5/2014,136.764,ddjump10
12468,11,ace,19/04/15,58.644,ddjump12
12490,11,ace,18/04/15,16.253,decinojump14
12522,11,ace,10/11/2014,11.919,dj_ice_tiers
12542,11,ace,16/07/15,11.009,dxjump1
12545,11,ace,19/01/15,6.657,easymap
12569,11,ace,8/5/2014,31.645,egyptrace3
12866,11,ace,10/6/2015,14.369,jojump6
12900,11,ace,18/02/15,12.653,jumpish2
12973,11,ace,9/6/2014,27.831,khanjump
121065,11,ace,4/11/2014,5.757,moomap14
121066,11,ace,27/10/14,37.635,moomap5
121069,11,ace,22/01/16,15.609,mulejumps2
121074,11,ace,22/06/15,29.375,mulemap15
121132,11,ace,20/02/16,5.6,noname
121200,11,ace,22/01/16,3.179,pimp7
121255,11,ace,10/2/2015,29.557,popsjumpin13
121262,11,ace,19/05/14,46.595,popsjumpin24
121271,11,ace,27/12/16,10.775,popsjumpin32
121356,11,ace,19/10/14,13.076,rbjump1
121425,11,ace,22/05/14,87.28,sk3lsjump2
121446,11,ace,17/11/14,9.184,sk3lsjump8
121480,11,ace,20/01/15,32.29,slipmap36
121537,11,ace,6/6/2014,55.491,spjump26
121594,11,ace,16/02/16,13.92,stiffjump1
121623,11,ace,13/04/15,163.728,stubbsyjump26
121659,11,ace,4/12/2014,33.661,theepicrace
121850,11,ace,18/02/16,4.214,xqjump40
1110,10,ace,21/10/14,18.978,4c3jump1
1128,10,ace,25/02/15,36.552,a2-01
1145,10,ace,24/03/15,18.357,acejumps09
1150,10,ace,28/08/15,9.791,action
11103,10,ace,4/10/2014,47.505,akumamap1
11106,10,ace,21/01/15,19.173,akumanoob1
11110,10,ace,21/10/14,13.05,aljump1
11117,10,ace,29/07/15,15.336,aljump17
11119,10,ace,1/4/2017,5.677,aljump19
11159,10,ace,9/4/2015,31.644,ancientgouki6
11172,10,ace,30/07/15,53.181,anime5
11237,10,ace,27/03/17,80.408,ariejump42
11268,10,ace,12/3/2016,12.236,as1
11366,10,ace,25/06/14,44.976,c1jumps19
11392,10,ace,1/8/2015,7.471,carnage_jumps5
11434,10,ace,15/10/14,1.761,cja
11436,10,ace,6/6/2015,3.361,cjmps1
11535,10,ace,8/6/2014,27.424,div2_final_2014
11540,10,ace,5/6/2014,40.753,dj_speedway3
11553,10,ace,14/05/15,15.226,draxi9
11575,10,ace,20/10/16,69.488,edge_medium2
11596,10,ace,7/2/2014,21.776,esjumps3
11656,10,ace,3/12/2016,36.75,forkjumping
11660,10,ace,14/01/16,13.007,frogsjumps
11744,10,ace,27/05/16,40.053,hauntedrace
11770,10,ace,23/10/14,14.473,hellfire_3
11778,10,ace,30/10/15,14.386,hellfire_37
11836,10,ace,20/10/14,22.087,ijumpz4
11880,10,ace,13/09/14,13.42,jojump
11883,10,ace,27/05/16,15.969,jojump12
11892,10,ace,23/05/16,19.522,jojump22
11941,10,ace,21/02/16,8.902,jumpish29
111042,10,ace,18/12/16,8.061,lcraft
111187,10,ace,13/07/14,81.677,ordeerace1
111191,10,ace,24/03/16,7.041,phxjump11
111309,10,ace,6/7/2015,62.913,popsjumpin3
111357,10,ace,30/10/14,6.036,qwestjump1
111446,10,ace,25/05/14,45.095,sewurjumpz
111641,10,ace,22/11/15,30.802,sspeedmap1
111644,10,ace,17/11/14,21.038,st0rm2
111657,10,ace,13/08/15,5.199,strramps
111730,10,ace,23/12/15,31.756,thewill2
111774,10,ace,29/10/15,11.278,tjumps1
111797,10,ace,5/5/2014,11.743,triggz-jump3
111841,10,ace,22/10/15,32.473,weedsjump2
111867,10,ace,11/4/2015,38.231,xq1
111871,10,ace,6/11/2014,13.96,xqcrap3
111932,10,ace,21/10/14,13.502,xqnewb6
111958,10,ace,13/08/15,20.942,mzc3
112001,10,ace,10/2/2016,40.412,acejumps24
1032,9,ace,11/11/2015,12.248,a2-05
1057,9,ace,18/11/15,43.243,adrenjumps11
1073,9,ace,2/7/2015,14.147,adrenjumps29
1082,9,ace,23/03/15,15.333,adrenjumps37
10236,9,ace,7/10/2014,47.763,ariejump35
10303,9,ace,10/2/2015,3.823,atr_kjump2
10311,9,ace,31/03/17,5.025,b0at17_5
10387,9,ace,31/10/16,15.913,c1jumps3
10402,9,ace,13/11/14,50.124,carmjumpz8
10406,9,ace,4/5/2014,17.488,carnage_jumps4
10411,9,ace,4/6/2014,22.476,carnage_jumps9
10435,9,ace,23/03/16,16.534,catmap1
10493,9,ace,15/01/16,6.337,dan_slide
10504,9,ace,4/6/2014,66.929,ddjump4
10511,9,ace,1/12/2015,5.846,ddrace_ice
10521,9,ace,17/01/15,10.695,decinojump11
10564,9,ace,30/10/14,23.821,dope3
10595,9,ace,2/3/2016,184.312,edge_medium
10603,9,ace,8/8/2015,9.539,edvinjump6
10640,9,ace,28/05/14,22.048,fastjump01a
10671,9,ace,25/01/16,45.732,forbiddenjump11
10751,9,ace,10/6/2015,18.672,gunnajump1
10754,9,ace,4/12/2014,26.792,gxjump2
10760,9,ace,26/10/15,6.146,h4ppyjump2
10798,9,ace,27/08/15,32.775,hellfire_29
10815,9,ace,10/11/2014,95.429,hellfire_43
10821,9,ace,27/10/16,209.171,hellfire_50
10918,9,ace,21/10/15,9.485,jojump13
10952,9,ace,24/06/15,10.447,jumphard4
101003,9,ace,17/10/14,10.813,jumps_tryouts
101096,9,ace,15/10/14,9.581,lucijump13
101109,9,ace,8/10/2014,27.926,madjumpin
101162,9,ace,9/11/2014,21.304,mulemap23
101201,9,ace,8/12/2014,21.238,newbsjump
101210,9,ace,6/12/2016,7.281,njump2l33t
101225,9,ace,3/11/2014,7.305,omegarace_05
101258,9,ace,21/11/14,6.644,phxjump43
101331,9,ace,5/11/2015,15.868,popsjmp20
101471,9,ace,8/11/2014,37.508,rjump3
101483,9,ace,18/10/15,7.307,secondz5
101486,9,ace,14/01/16,6.393,secondz8
101489,9,ace,6/6/2015,17.32,servermap1
101496,9,ace,24/01/15,15.105,servermap8
101513,9,ace,14/04/15,18.91,sk3lsjump10
101516,9,ace,14/11/16,54.936,sk3lsjump13
101584,9,ace,17/10/14,52.19,slipmap38
101597,9,ace,7/2/2014,51.537,slipmap9b
101603,9,ace,3/2/2014,24.974,smalljumpin
101730,9,ace,15/10/16,64.244,stubbsyjump22
101753,9,ace,12/3/2015,17.163,talljump4
101787,9,ace,29/10/14,5.053,thewill13
101812,9,ace,19/01/15,13.686,thewill42
101888,9,ace,10/10/2015,4.804,uranjump3
101893,9,ace,28/10/14,15.268,uranramps
101923,9,ace,9/9/2015,6.486,ww1
101976,9,ace,16/10/14,71.527,xqjump42
101995,9,ace,6/1/2015,10.289,xqnewb3
102022,9,ace,4/8/2015,14.847,sgm3
102038,9,ace,9/10/2015,30.629,layers03
102047,9,ace,14/11/15,24.365,q2jt15_rabbits
92,8,ace,3/9/2015,42.561,0wnz3
917,8,ace,5/2/2016,36.932,4race2
936,8,ace,19/10/14,11.194,ac1_jump3
940,8,ace,11/6/2015,12.318,acejumps02
941,8,ace,23/10/14,12.892,acejumps04
950,8,ace,12/4/2015,24.36,acejumps13
965,8,ace,5/10/2015,30.154,adrenjumps19
983,8,ace,25/03/15,19.629,adrenjumps36
990,8,ace,8/5/2015,27.771,adrenjumps43
9125,8,ace,5/5/2015,9.522,aljump20
9179,8,ace,27/06/15,65.16,anime4
9240,8,ace,3/10/2014,30.527,ariejump30
9254,8,ace,18/10/14,12.559,ariejump44
9280,8,ace,4/2/2015,10.806,arvil
9284,8,ace,25/02/15,19.223,as10
9285,8,ace,25/02/15,28.309,as11
9296,8,ace,11/1/2015,17.669,as5
9306,8,ace,29/07/15,10.617,atr_jump3
9323,8,ace,24/10/14,14.733,ballspillin
9331,8,ace,4/10/2014,5.997,bigjump
9337,8,ace,9/10/2014,20.459,bjump1
9354,8,ace,26/08/16,88.654,bleh5
9378,8,ace,10/2/2015,17.977,byxjumpin1
9451,8,ace,9/6/2015,27.358,chickens
9454,8,ace,7/10/2014,12.78,chooj_jump5
9489,8,ace,21/11/14,130.96,csojump_b6
9504,8,ace,10/6/2015,26.999,dafire2
9586,8,ace,16/03/15,19.902,draxi10
9602,8,ace,14/04/15,208.668,ecljump14
9632,8,ace,26/01/16,4.807,eminencejump
9635,8,ace,23/10/14,24.814,enver3
9647,8,ace,10/5/2014,30.022,etwjump3b
9676,8,ace,2/12/2014,28.487,fearjumps2
9771,8,ace,11/1/2015,41.636,grjump5
9839,8,ace,8/1/2015,309.36,hellfire_40
9848,8,ace,31/10/14,18.383,hellfire_49
9855,8,ace,8/6/2014,49.801,hellfire_56
9891,8,ace,22/10/15,28.963,icy_jump6
9951,8,ace,15/11/14,18.88,jojump17
91075,8,ace,28/10/14,50.599,khainejumps8
91093,8,ace,30/01/16,25.934,konopa7
91094,8,ace,17/03/15,13.499,konopa8
91111,8,ace,28/02/16,17.307,lasjumps2
91141,8,ace,24/04/15,5.522,lvl1
91193,8,ace,6/1/2015,29.065,mulemap18
91219,8,ace,9/2/2017,28.713,neox6
91240,8,ace,30/10/14,7.442,newdm17
91315,8,ace,6/2/2015,2.628,pimp10
91350,8,ace,3/11/2014,56.019,play5_2
91383,8,ace,25/10/16,15.798,popsjumpin18
91404,8,ace,19/11/15,21.534,popsrace1
91414,8,ace,25/05/14,17.173,prit_holyjump2
91423,8,ace,7/2/2014,76.176,q2dm1_huge_race
91438,8,ace,23/03/15,7.241,quickjumpz4
91525,8,ace,19/05/14,215.239,sabrespookjump1
91529,8,ace,10/9/2014,5.111,secondz2
91561,8,ace,1/12/2015,5.862,sk3lsjump1
91583,8,ace,8/11/2014,24.422,sk3lsjump30
91592,8,ace,27/11/15,31.592,sk3lsjump47
91605,8,ace,18/01/15,19.497,skateandjump
91640,8,ace,9/2/2015,24.098,slipmap41
91715,8,ace,6/1/2015,36.449,spjump7
91775,8,ace,3/11/2014,35.167,stubbsyjump10
91816,8,ace,27/05/16,23.816,tehhaunted
91843,8,ace,14/01/16,14.757,thewill11
91848,8,ace,19/04/15,20.225,thewill17
91869,8,ace,2/5/2015,36.844,thewill4
91888,8,ace,21/01/17,35.873,thewill64
91891,8,ace,15/09/15,40.209,thewill67
91940,8,ace,3/7/2015,15.219,tw2
91952,8,ace,23/03/15,104.558,uranjump14
91954,8,ace,10/11/2014,12.959,uranjump2
91962,8,ace,24/06/15,8.593,uzijump3a
91969,8,ace,11/5/2016,11.045,wauwau3
92010,8,ace,22/07/15,6.852,xqcrap4
92034,8,ace,7/1/2015,20.983,xqjump3
92053,8,ace,8/10/2015,7.65,xqjump47
92069,8,ace,23/01/16,12.608,xqnewb4
92109,8,ace,20/09/15,19.775,jupiter6
92118,8,ace,5/11/2015,16.233,q2jt15_tigers
92120,8,ace,11/11/2015,30.805,n00bz0r-01
92142,8,ace,4/2/2016,30.062,adrenjumps51
92153,8,ace,27/02/16,24.928,sem1
818,7,ace,25/02/16,19.248,4race3
827,7,ace,15/03/17,45.168,_jumplava
842,7,ace,7/10/2014,1023.288,acejumps03
865,7,ace,5/10/2016,45.323,adrenjumps15a
881,7,ace,14/11/14,24.245,adrenjumps31
888,7,ace,24/03/15,24.873,adrenjumps38
899,7,ace,15/04/16,21.506,adrenjumps5
8114,7,ace,16/04/15,16.91,akumanoob2a
8149,7,ace,31/10/14,180.316,alt10b
8163,7,ace,21/10/14,18.722,amazing
8278,7,ace,12/9/2016,209.815,ariejump57
8292,7,ace,13/04/17,14.14,arvil_ice
8304,7,ace,9/2/2015,12.928,as3
8309,7,ace,9/2/2015,13.77,as8
8319,7,ace,20/09/16,6.911,atr_kjump1
8335,7,ace,26/02/15,7.931,b0at22
8341,7,ace,12/1/2016,10.946,bibpro1
8370,7,ace,9/11/2015,3.749,bljp
8390,7,ace,12/10/2015,5.024,burn
8395,7,ace,6/2/2017,35.745,c1
8429,7,ace,13/01/16,26.513,carmjumpz5
8431,7,ace,24/04/15,7.984,carmjumpz7
8506,7,ace,5/12/2014,26.749,crazy5
8531,7,ace,17/05/15,8.529,darkjump1
8542,7,ace,21/05/14,60.926,ddjump7
8555,7,ace,28/02/16,26.285,decino2box
8568,7,ace,19/05/14,94.896,decinojump5
8575,7,ace,23/10/15,11.012,demojump1
8685,7,ace,31/05/16,29.5,falling
8688,7,ace,7/5/2014,43.632,fastjump03a
8728,7,ace,8/11/2015,64.634,forbiddenjump27
8738,7,ace,10/5/2014,99.456,funjump2
8813,7,ace,24/04/15,3.365,h4ppyjump3
8814,7,ace,22/05/14,7.76,h4ppyjump4
8823,7,ace,12/8/2016,625.012,hall_of_fame
8829,7,ace,22/07/15,14.914,hbjmp1
8830,7,ace,13/03/17,31.587,hbjmp2000
8889,7,ace,28/09/15,11.476,hellfire_64
8891,7,ace,17/10/14,39.374,hellfire_66
8928,7,ace,9/4/2015,49.375,j-arena2
8961,7,ace,12/6/2015,3.754,jjump3
8964,7,ace,12/11/2014,19.711,jjump8
8984,7,ace,13/01/16,37.948,jojump23
81021,7,ace,15/02/17,17.308,jumpish18
81031,7,ace,6/12/2016,25.759,jumpish27a
81034,7,ace,25/01/16,27.559,jumpish31
81054,7,ace,2/12/2014,9.725,jumprail1
81059,7,ace,27/05/16,19.287,jumps_clan_map
81074,7,ace,5/4/2016,15.659,jumpwar6
81081,7,ace,7/6/2015,23.465,jupiter1
81082,7,ace,29/06/15,14.16,jupiter2
81083,7,ace,3/7/2015,37.85,jupiter3
81084,7,ace,3/7/2015,29.774,jupiter4
81094,7,ace,9/2/2015,24.461,kenpachi
81115,7,ace,10/3/2015,278.729,kjumps4
81121,7,ace,30/08/15,82.793,koldjump2
81127,7,ace,12/4/2015,16.712,kosmodrom
81154,7,ace,23/03/15,80.795,lilredstallmap
81159,7,ace,30/10/15,19.333,lucijump10
81160,7,ace,25/01/16,8.782,lucijump11
81167,7,ace,28/10/15,21.535,lucijump6a
81168,7,ace,29/07/15,28.469,lucijump7
81231,7,ace,16/10/14,19.083,mulemap4
81236,7,ace,15/09/14,29.693,mulemap9
81240,7,ace,17/03/15,16.949,mzc5
81251,7,ace,28/06/15,69.744,neox7
81252,7,ace,23/10/15,149.801,neox8
81276,7,ace,30/07/15,10.506,ngqjmp3
81286,7,ace,9/8/2016,35.074,novajump1
81291,7,ace,2/2/2017,96.663,omegajumps1
81297,7,ace,17/05/15,22.099,omegarace_06
81378,7,ace,22/10/16,22.071,play13
81381,7,ace,18/06/15,16.066,play16
81390,7,ace,22/10/14,18.471,play7
81440,7,ace,14/01/16,75.156,popsjumpin9
81451,7,ace,12/5/2015,5.731,pprace_ice
81458,7,ace,22/05/14,67.44,q2ctf2_race
81478,7,ace,13/04/16,4.146,quickjumpz6
81508,7,ace,21/04/15,33.048,ramap9
81587,7,ace,11/5/2016,13.543,shadow1
81635,7,ace,8/4/2017,28.385,sk3lsjump48
81644,7,ace,13/05/15,16.365,sk8_jump5
81650,7,ace,11/6/2015,4.72,skippingstones
81670,7,ace,20/05/14,50.034,slipmap27b
81674,7,ace,10/1/2015,10.028,slipmap33
81687,7,ace,9/10/2015,20.629,slipmap47
81763,7,ace,17/04/15,9.248,spjump8
81767,7,ace,14/10/15,5.195,splashjumps3
81785,7,ace,30/07/16,13.176,spyskip3
81790,7,ace,16/06/15,3.718,spyzjump1
81838,7,ace,5/4/2016,47.46,stubbsyjump24
81845,7,ace,28/11/16,233.532,stubbsyjump30
81848,7,ace,31/07/15,782.203,stubbsyjump40
81909,7,ace,1/1/2015,18.134,thewill3
81912,7,ace,17/12/16,9.666,thewill33
81932,7,ace,8/5/2015,21.14,thewill6
81996,7,ace,26/02/15,15.893,untruejump1
81997,7,ace,12/5/2014,3.536,uraniumlv1
82164,7,ace,30/11/16,17.015,nubrace1
82169,7,ace,21/10/15,38.159,jupiter7
82177,7,ace,12/11/2015,19.159,q2jt15_cheetahs
82179,7,ace,16/11/15,40.62,n00bz0r-02
82193,7,ace,18/01/16,24.782,kr3w-1
82200,7,ace,4/2/2016,24.994,acejumps23
82201,7,ace,5/2/2016,27.954,stonerjumps5
714,6,ace,24/06/15,16.009,4c3jump3
717,6,ace,22/03/17,31.307,4race1
754,6,ace,28/02/15,30.27,acejumps12a
786,6,ace,8/2/2015,75.764,adrenjumps33
799,6,ace,2/5/2015,21.438,adrenjumps45
7122,6,ace,21/10/14,47.121,aljump10
7157,6,ace,29/10/14,569.515,alt15a
7177,6,ace,21/05/14,353.287,ancientgoukimax
7180,6,ace,24/10/16,10.58,anime10
7184,6,ace,30/10/16,25.572,anime14
7195,6,ace,13/02/16,11.044,aodjump2
7234,6,ace,27/06/15,45.323,apocalypse50
7275,6,ace,24/09/14,46.829,ariejump39
7280,6,ace,16/03/17,33.28,ariejump43
7303,6,ace,5/5/2015,31.76,articjumpin4
7306,6,ace,1/12/2015,20.587,articjumping_3
7316,6,ace,7/4/2015,13.56,as15
7317,6,ace,13/05/15,13.251,as16
7319,6,ace,20/06/15,16.796,as18
7357,6,ace,27/06/15,23.438,bas1cjump
7366,6,ace,9/4/2015,39.79,bigjump1
7380,6,ace,5/6/2015,6.413,bkjump7
7429,6,ace,18/12/16,11.587,c1jumps21
7471,6,ace,12/4/2017,41.076,castrocross2
7477,6,ace,23/08/15,25.288,castroeat4
7483,6,ace,26/03/15,45.825,castronew3
7513,6,ace,25/05/14,32.991,clipzjump1
7517,6,ace,9/10/2014,53.101,clipzjump5a
7546,6,ace,4/1/2015,72.624,d3ljump9
7624,6,ace,23/03/15,47.6,dontfall
7631,6,ace,17/04/15,74.312,drachsjump1a
7636,6,ace,16/03/15,32.187,draxi4
7655,6,ace,20/02/16,47.833,ecljump6
7689,6,ace,19/01/17,35.914,esjumps2
7720,6,ace,10/10/2014,8.163,fastjump02a
7733,6,ace,19/01/15,9.142,fear4
7751,6,ace,20/01/15,10.337,fly1a
7753,6,ace,1/12/2015,28.338,flyjumpboy
7757,6,ace,21/01/17,36.867,forbiddenjump16
7760,6,ace,17/01/17,39.899,forbiddenjump21
7766,6,ace,12/11/2014,15.651,forcejump
7820,6,ace,23/01/17,36.361,gonadz
7824,6,ace,30/11/15,47.099,gouki4
7856,6,ace,21/10/14,16.389,h4ppyjump6
7861,6,ace,10/3/2015,11.454,h4z3s_tryout_map
7878,6,ace,14/10/14,12.054,hellfire_13
7905,6,ace,9/6/2014,60.594,hellfire_39
7942,6,ace,26/03/15,39.206,hellrace
7949,6,ace,29/11/14,24.957,hmap1
7955,6,ace,29/04/15,30.589,icemap2014
7983,6,ace,11/2/2017,9.837,jayjump1
7986,6,ace,15/02/17,11.614,jbtujump10
7987,6,ace,19/10/16,18.905,jbtujump2
71005,6,ace,5/10/2014,10.925,jjump1
71012,6,ace,30/10/14,14.789,jkid-jmp2
71032,6,ace,10/11/2014,16.046,jojump3
71039,6,ace,14/10/16,6.266,jq_jumps
71077,6,ace,14/10/15,15.149,jumpish25
71078,6,ace,20/05/16,8.271,jumpish26
71089,6,ace,28/10/14,25.783,jumpish4
71123,6,ace,10/10/2014,37.523,jumpwar5
71135,6,ace,8/8/2015,10.719,jupiter5
71231,6,ace,9/5/2016,20.061,madjumping2004_2
71256,6,ace,11/5/2016,6.494,minijump
71262,6,ace,21/11/15,17.801,moomap11
71267,6,ace,31/07/15,27.212,moomap2
71270,6,ace,8/4/2015,82.504,mountainwalk
71283,6,ace,25/11/14,15.426,mulemap22
71293,6,ace,10/11/2015,9.238,mzc15
71302,6,ace,28/10/14,17.418,neox2
71317,6,ace,11/8/2015,17.808,nephi4
71325,6,ace,9/11/2015,5.241,newbjumpin2
71352,6,ace,4/2/2017,47.481,omegarace_04
71363,6,ace,5/11/2014,21.608,phxjump12
71365,6,ace,4/5/2015,13.275,phxjump14
71427,6,ace,30/05/14,27.583,pingujumpz1
71433,6,ace,14/12/16,21.467,play1
71451,6,ace,19/04/15,36.231,play9
71473,6,ace,21/02/16,5.755,popsjmp7
71494,6,ace,5/2/2016,25.444,popsjumpin30
71504,6,ace,20/01/17,122.852,popsjumpin8
71554,6,ace,7/4/2015,10.671,qwestjump5
71564,6,ace,18/02/16,9.543,rajm1
71586,6,ace,4/4/2016,30.086,rareclipzjump2
71603,6,ace,8/10/2015,39.32,redjump2
71678,6,ace,23/11/15,31.432,sk3lsjump18
71707,6,ace,4/4/2016,5.691,sk3lsjump6
71732,6,ace,11/1/2015,9.45,slipmap17
71757,6,ace,9/2/2017,21.263,slipmap45
71788,6,ace,30/05/14,53.354,snakej7
71800,6,ace,23/11/16,35.642,souljumps
71804,6,ace,31/10/15,22.24,spiderjump2
71835,6,ace,21/04/15,12.008,spjump6
71852,6,ace,10/2/2015,5.57,spylevel1
71875,6,ace,2/10/2015,5.984,spyzjump8
71891,6,ace,1/4/2016,86.614,stormjump3
71904,6,ace,26/08/15,58.666,stubbsyjump15
71941,6,ace,22/04/15,21.17,tehgrassrace
72064,6,ace,26/11/14,9.671,tritontryout2
72107,6,ace,4/1/2015,29.368,void4
72168,6,ace,15/10/15,43.786,xqjump19
72175,6,ace,8/10/2014,12.534,xqjump25
72177,6,ace,15/10/14,91.632,xqjump27
72241,6,ace,5/2/2016,10.07,sgm2
72247,6,ace,10/10/2015,10.435,mzc6
72249,6,ace,3/11/2015,8.776,mzc9
72257,6,ace,30/09/15,17.781,layers01
72274,6,ace,8/12/2015,36.649,acejumps19
72276,6,ace,24/12/15,14.394,antioch
72286,6,ace,18/01/16,30.864,0wnz4
72288,6,ace,25/01/16,24.419,0wnz5
72299,6,ace,19/02/16,86.484,stonerjumps8
619,5,ace,18/02/16,6.444,4mybros
632,5,ace,20/10/15,28.986,_fmj_a
637,5,ace,6/5/2015,14.314,a2-03
640,5,ace,29/12/16,33.218,a2-06
655,5,ace,27/10/14,27.681,acejumps05
660,5,ace,4/10/2015,25.673,acejumps10
666,5,ace,5/6/2015,12.774,acejumps15
686,5,ace,10/2/2015,28.851,adrenjumps21
6101,5,ace,26/02/15,30.26,adrenjumps34
6102,5,ace,11/4/2016,19.354,adrenjumps35
6106,5,ace,25/03/15,18.499,adrenjumps39
6111,5,ace,16/04/15,24.689,adrenjumps42
6113,5,ace,1/5/2015,28,adrenjumps44
6117,5,ace,11/5/2015,18.866,adrenjumps48
6133,5,ace,28/08/15,20.727,akumamap3
6183,5,ace,7/7/2015,463.335,alt20
6185,5,ace,15/03/17,22.451,alt4
6195,5,ace,28/05/14,25.281,ancientgouki5
6201,5,ace,27/05/17,25.848,anime1
6203,5,ace,16/08/16,15.671,anime11
6221,5,ace,21/10/16,29.513,apkisjump2
6240,5,ace,24/10/15,16.03,apocalypse28a
6241,5,ace,4/12/2014,276.754,apocalypse29
6244,5,ace,22/03/17,813.061,apocalypse30
6246,5,ace,21/05/14,56.252,apocalypse32
6271,5,ace,15/11/14,252.627,apocalypse8
6282,5,ace,31/01/17,18.306,ariejump17
6287,5,ace,17/01/17,10.225,ariejump21
6288,5,ace,12/11/2014,26.11,ariejump22
6304,5,ace,7/11/2015,53.93,ariejump38
6314,5,ace,1/4/2017,35.515,ariejump45
6333,5,ace,14/03/17,8.239,art
6347,5,ace,27/03/15,15.254,as13
6358,5,ace,4/6/2014,4.28,as7
6380,5,ace,18/12/14,13.899,b-stk
6397,5,ace,31/10/15,11.402,bibpro3
6421,5,ace,23/11/16,9.136,blastjump1
6436,5,ace,3/2/2014,24.688,bluehardjumps3
6442,5,ace,10/3/2015,13.681,bridgejump
6447,5,ace,9/1/2016,28.589,bubspeed1
6466,5,ace,20/11/15,9.209,c1jumps2
6482,5,ace,8/9/2015,20.826,c1speed24
6485,5,ace,31/07/15,42.303,canyonjump
6508,5,ace,27/11/14,46.729,castro_league_1
6527,5,ace,8/8/2015,2.992,cat2
6586,5,ace,28/01/16,32.89,d3ljump5
6648,5,ace,4/1/2016,10.711,denjump
6652,5,ace,19/09/14,35.024,devilc
6698,5,ace,25/02/15,17.315,easyrace
6705,5,ace,18/05/15,23.964,ecljump7
6725,5,ace,15/10/15,16.483,edvinjump5
6729,5,ace,18/10/14,41.147,egyptrace1
6745,5,ace,27/10/15,575.53,esughhjumps
6747,5,ace,17/06/15,200.045,eternity01
6758,5,ace,18/09/14,253.52,etwjump7
6799,5,ace,30/04/15,21.272,firejump1
6813,5,ace,24/03/16,14.184,forbiddenjump14
6817,5,ace,20/12/15,39.722,forbiddenjump2
6859,5,ace,24/06/15,1.36,gay5
6866,5,ace,18/05/15,100.154,gibbonjump02b
6871,5,ace,8/6/2015,39.454,gj1
6879,5,ace,9/4/2015,45.579,glockobj
6901,5,ace,3/8/2015,28.943,grjump8
6905,5,ace,24/07/15,22.304,gurktest
6962,5,ace,10/1/2016,23.279,hellfire_32
6994,5,ace,10/11/2016,126.271,hellfire_61
6995,5,ace,23/11/14,168.286,hellfire_62
61000,5,ace,26/03/15,8.845,hellfire_68
61021,5,ace,8/10/2014,110.252,icerocketjump
61029,5,ace,15/07/15,13.365,ijump1h
61067,5,ace,17/03/15,8.092,jiggajump1
61132,5,ace,30/11/15,28.516,jumphard1
61162,5,ace,10/2/2016,35.595,jumpish34
61169,5,ace,23/01/16,13.232,jumpish41
61174,5,ace,23/11/14,12.981,jumpish8
61176,5,ace,8/2/2017,29.782,jumpit1
61184,5,ace,3/4/2017,36.708,jumps_clan2
61206,5,ace,16/12/16,22.977,jupiter
61216,5,ace,13/06/15,10.518,keke5
61245,5,ace,7/9/2015,144.567,koldjump1
61247,5,ace,20/10/16,48.628,konopa10
61249,5,ace,21/01/15,221.025,konopa3
61294,5,ace,15/11/15,19.746,lucijump3
61305,5,ace,17/10/15,30.351,madcnt
61328,5,ace,20/12/16,91.219,merc4
61388,5,ace,1/3/2015,47.387,neox9
61394,5,ace,1/12/2015,6.707,nephi1
61403,5,ace,20/10/14,74.222,neur0jumps4
61430,5,ace,28/06/15,17.966,omegarace_02
61452,5,ace,21/01/16,20.54,phxjump23
61456,5,ace,22/12/15,15.932,phxjump27
61469,5,ace,10/2/2017,29.853,phxjump39
61472,5,ace,27/05/17,116.173,phxjump42
61482,5,ace,11/6/2015,17.451,phxjump54
61485,5,ace,6/1/2015,14.146,phxjump6
61495,5,ace,28/01/16,3.829,pimp3
61520,5,ace,28/11/15,27.455,play14
61527,5,ace,16/12/16,26.44,play4
61561,5,ace,25/03/16,17.545,popsjumpin14
61566,5,ace,8/10/2015,62.502,popsjumpin19
61602,5,ace,28/11/16,19.338,ps
61629,5,ace,15/02/17,8.109,quickjumpz8
61631,5,ace,18/10/15,10.273,qwerty1
61645,5,ace,2/11/2016,6.519,r3_j3
61666,5,ace,5/11/2015,7.374,rare_j_2
61684,5,ace,3/8/2015,34.868,rcjump1
61700,5,ace,19/05/17,17.442,retractjump4
61709,5,ace,2/9/2016,56.729,rjump4
61745,5,ace,7/2/2017,13.716,sgm
61752,5,ace,27/05/17,35.588,shoppingvally
61781,5,ace,4/4/2016,12.875,sk3lsjump3
61790,5,ace,18/02/15,9.009,sk3lsjump4
61802,5,ace,10/2/2015,5.384,sk3lsjump9
61816,5,ace,17/01/16,20.987,slipknotjump
61818,5,ace,11/1/2015,9.621,slipmap11
61841,5,ace,26/06/15,18.688,slipmap34
61848,5,ace,26/10/16,29.444,slipmap40
61850,5,ace,9/12/2016,87.759,slipmap43
61889,5,ace,28/11/15,24.241,sonicjump
61893,5,ace,21/11/16,31.771,sonicjump5
61897,5,ace,10/8/2015,64.666,spec2tjm1
61921,5,ace,9/2/2016,94.79,spjump28
61924,5,ace,31/01/17,31.4,spjump30
61955,5,ace,7/2/2017,21.365,spyskip1
61965,5,ace,29/11/16,63.772,spyzjump16
61968,5,ace,2/5/2017,7.337,spyzjump4
61971,5,ace,14/03/15,8.486,spyzjump7
61976,5,ace,29/11/16,38.105,st0k3djump1
61997,5,ace,18/08/15,193.804,stubbsyjump11
62006,5,ace,27/03/16,59.498,stubbsyjump20
62014,5,ace,14/04/17,46.994,stubbsyjump28
62016,5,ace,13/06/15,36.292,stubbsyjump3
62019,5,ace,13/06/15,564.211,stubbsyjump34
62047,5,ace,26/11/16,32.811,tehjump7
62078,5,ace,2/12/2015,12.132,thewill20
62079,5,ace,20/05/16,14.944,thewill21
62092,5,ace,5/4/2016,28.928,thewill35
62094,5,ace,5/9/2015,19.811,thewill37
62095,5,ace,17/12/16,24.233,thewill38
62117,5,ace,24/07/15,14.842,thewill46
62122,5,ace,2/12/2015,6.684,thewill52
62123,5,ace,3/4/2016,22.963,thewill53
62130,5,ace,18/10/15,4.448,thewill61
62146,5,ace,31/03/17,13.212,tjumps2
62147,5,ace,7/3/2015,13.231,tjumps3
62171,5,ace,30/03/17,38.639,triggz-jump2
62204,5,ace,14/11/16,59.117,uranjump12
62238,5,ace,17/12/16,7.634,whosh
62239,5,ace,13/01/16,6.553,winjump1
62257,5,ace,4/5/2015,175.973,ww2
62258,5,ace,3/11/2015,40.739,x-jump1
62289,5,ace,8/4/2015,5.445,xqjump21
62291,5,ace,14/04/15,5.642,xqjump23
62305,5,ace,23/12/16,21.802,xqjump36
62307,5,ace,27/05/16,27.739,xqjump38
62309,5,ace,31/05/16,16.692,xqjump4
62318,5,ace,10/7/2015,85.498,xqjump48
62337,5,ace,4/4/2016,14.721,xqnewb8
62338,5,ace,17/12/16,34.174,xqracing
62358,5,ace,16/10/15,38.399,zmanjump2
62372,5,ace,23/08/15,37.48,theepicrace2
62376,5,ace,28/09/15,82.477,kickassmzc
62380,5,ace,21/10/15,19.305,layers04
62382,5,ace,31/10/15,42.254,relentless
62385,5,ace,7/11/2015,20.785,q2jt15_lions
62391,5,ace,17/11/15,28.136,layers05
62392,5,ace,21/11/15,29.072,n00bz0r-03
62396,5,ace,14/01/16,181.376,n00bz0r-04a
62398,5,ace,30/12/15,9.479,wobluda_fix
62401,5,ace,6/1/2016,37.747,sgm5
62406,5,ace,18/01/16,85.958,stonerjumps2
62422,5,ace,25/02/16,44.931,stonerjumps9
62426,5,ace,3/4/2016,37.483,stonerjumps11
514,4,ace,15/07/16,68.089,3013
527,4,ace,18/02/16,44.832,4race5
538,4,ace,8/6/2015,16.935,_madjumping10
544,4,ace,11/11/2015,24.126,a2-04
578,4,ace,14/04/15,170.469,admintryouts
579,4,ace,3/5/2015,17.777,adrace1
588,4,ace,20/10/16,97.881,adrenjumps16
595,4,ace,7/11/2015,28.064,adrenjumps22
5100,4,ace,30/12/15,27.492,adrenjumps27
5106,4,ace,29/11/14,27.019,adrenjumps32
5123,4,ace,14/04/15,19.399,adrenjumps41
5156,4,ace,21/05/14,30.078,aljump14
5202,4,ace,16/09/16,65.871,alt3
5224,4,ace,5/10/2014,16.722,ancientgouki5b
5279,4,ace,1/10/2015,634.103,apocalypse37
5284,4,ace,27/10/16,263.605,apocalypse42
5286,4,ace,29/11/14,99.678,apocalypse44
5289,4,ace,5/4/2017,29.035,apocalypse47
5295,4,ace,12/5/2016,55.922,apocalypse53
5296,4,ace,29/03/16,41.949,apocalypse55
5335,4,ace,3/4/2016,7.463,ariejump28
5339,4,ace,13/10/15,59.985,ariejump32
5347,4,ace,30/01/16,19.648,ariejump4
5356,4,ace,14/11/15,24.893,ariejump48
5365,4,ace,1/3/2017,23.771,ariejump56
5380,4,ace,6/11/2015,13.25,arvil_2
5387,4,ace,20/05/16,19.379,as14
5394,4,ace,1/12/2015,6.202,as4
5401,4,ace,4/10/2014,57.505,ashfuture
5424,4,ace,20/11/16,12.817,atr_kjump4
5428,4,ace,10/7/2015,10.512,atr_kjump9
5431,4,ace,27/10/15,26.516,b0at12
5438,4,ace,12/3/2017,35.371,b0atnewb2
5491,4,ace,24/11/14,19.55,bluejumps2
5492,4,ace,15/11/14,11.183,bodyjumps
5495,4,ace,12/4/2015,19.41,brudny1o1
5496,4,ace,16/01/17,159.164,brunixone_b9
5534,4,ace,29/07/15,22.338,c1jumps24
5535,4,ace,10/5/2014,19.384,c1jumps25
5539,4,ace,30/04/15,28.498,c1jumps5
5540,4,ace,31/03/17,7.271,c1jumps6
5541,4,ace,6/12/2016,23.626,c1jumps7
5562,4,ace,7/8/2015,6.485,carnage_jumps6
5575,4,ace,11/8/2016,42.226,castrocross3
5576,4,ace,5/11/2014,25.515,castrocrosseat
5582,4,ace,9/2/2015,103.911,castroenduro1
5598,4,ace,26/02/15,71.431,cheesyjump1
5629,4,ace,25/02/15,5.995,ckjump2
5648,4,ace,25/11/14,53.345,crazy1
5655,4,ace,21/11/14,32.041,crossrace1
5676,4,ace,29/10/14,55.75,danjumps2
5708,4,ace,19/11/16,3.677,decinojump13
5753,4,ace,12/5/2015,157.111,div1final2014
5759,4,ace,26/03/17,19.577,dj_speedway1
5766,4,ace,19/10/14,21.955,dope1
5770,4,ace,21/11/14,207.199,dopjump2
5778,4,ace,20/01/15,52.812,draxi2
5781,4,ace,19/10/16,26.814,draxi5
5786,4,ace,30/03/17,16.767,draxi_run02
5787,4,ace,5/8/2015,9.865,drdm4
5804,4,ace,20/01/16,11.474,ecljump8
5824,4,ace,20/10/16,27.888,edge_rocket
5835,4,ace,4/10/2014,27.132,edvinjump9
5842,4,ace,23/03/15,29.767,eljump1
5858,4,ace,10/7/2015,259.42,eternity04
5865,4,ace,19/05/14,41.772,etwjump6a
5947,4,ace,23/03/16,506.256,forbiddenjump9
5952,4,ace,14/06/15,3.376,fragjumpt
5962,4,ace,27/07/15,49.955,funjump6
5965,4,ace,6/4/2016,104.433,funkedup
5968,4,ace,24/11/16,78.265,g_jump2
5975,4,ace,27/05/16,1.373,gay10
51003,4,ace,15/10/15,48.223,glockj1
51016,4,ace,10/11/2014,16.481,gq1a
51017,4,ace,21/11/16,16.741,gq2a
51046,4,ace,4/5/2014,61.386,h4z3_6
51051,4,ace,28/07/15,84.557,hannibal
51183,4,ace,15/02/16,51.437,icemap1a
51212,4,ace,25/12/14,13.356,jasonjumps3r
51239,4,ace,9/10/2015,12.864,jjump2
51257,4,ace,19/01/15,10.271,jojump14
51264,4,ace,24/11/15,14.33,jojump20
51299,4,ace,2/12/2015,4.095,jumpish11
51306,4,ace,17/02/16,13.777,jumpish16
51312,4,ace,4/11/2015,4.955,jumpish21
51350,4,ace,7/11/2015,5.583,jumps_tryout
51386,4,ace,11/6/2015,11.328,kfmap2
51392,4,ace,19/11/15,33.896,khainejumps6
51410,4,ace,9/6/2015,27.058,kokos3
51423,4,ace,18/04/15,21.751,kropp1
51449,4,ace,4/8/2015,7.007,lilredsarcticjumps
51473,4,ace,7/1/2016,16.064,lucimap4
51491,4,ace,20/06/15,15.13,masterjumps1
51539,4,ace,18/10/14,22.361,mulemap19
51559,4,ace,31/05/16,21.093,ned25-jump
51583,4,ace,24/11/15,12.387,neur0jumps3
51609,4,ace,7/10/2016,153.191,nwjump
51613,4,ace,3/11/2015,13.97,omegarace_03
51629,4,ace,30/11/15,15.293,phxjump13
51663,4,ace,26/03/17,57.539,phxjump5
51682,4,ace,28/02/16,4.396,pimp6
51695,4,ace,24/06/15,13.472,piratejump
51785,4,ace,10/2/2017,27.901,popsrace2
51810,4,ace,6/4/2015,39.401,q2shi7
51818,4,ace,28/12/15,31.43,quazjump4
51835,4,ace,23/10/15,9.708,qwestjump4
51848,4,ace,8/4/2017,11.083,rajm3
51849,4,ace,14/02/17,28.103,rajm4
51914,4,ace,27/01/16,42.202,rjump9beta
51921,4,ace,12/4/2016,222.756,sabrespookjump2
51932,4,ace,20/02/16,3.596,secondz6
51943,4,ace,31/03/17,6.927,servermap4
51949,4,ace,7/10/2014,7.667,servermap7
51968,4,ace,13/08/15,15.565,sjump1
51973,4,ace,18/02/16,30.095,sk3lsjump11
51974,4,ace,5/6/2014,64.823,sk3lsjump12
51991,4,ace,3/4/2016,33.765,sk3lsjump29
52040,4,ace,16/02/16,3.992,slipmap19b
52099,4,ace,17/05/15,12.024,snakerace1edit
52197,4,ace,1/4/2017,24.034,spjump10
52223,4,ace,6/7/2015,78.328,spjump34
52236,4,ace,13/02/16,3.674,spskate1
52238,4,ace,9/9/2015,3.322,spskate2
52274,4,ace,2/11/2015,15.928,st0rm1
52281,4,ace,26/03/17,10.826,stiffjump3
52283,4,ace,30/03/16,34.262,stilljump1
52293,4,ace,13/03/15,32.943,stubbsyjump1
52301,4,ace,14/10/16,63.079,stubbsyjump18
52302,4,ace,14/10/16,64.684,stubbsyjump19
52305,4,ace,20/06/14,69.153,stubbsyjump21
52311,4,ace,18/10/15,127.683,stubbsyjump27
52320,4,ace,5/8/2015,801.897,stubbsyjump39
52321,4,ace,24/06/15,54.179,stubbsyjump4
52329,4,ace,20/02/16,35.957,stubbsyjump8
52331,4,ace,31/03/17,50.982,stubbsyjumpvendm2
52370,4,ace,6/11/2014,25.64,thenewcastro1
52374,4,ace,17/04/15,136.387,thewill10
52410,4,ace,12/10/2015,27.085,thewill44
52431,4,ace,31/08/16,8.342,thewill66
52433,4,ace,17/02/16,9.973,thewill68
52457,4,ace,21/10/15,8.172,toxicjump
52530,4,ace,7/9/2015,25.936,wcjmp1
52580,4,ace,26/03/15,49.555,xqicedom
52599,4,ace,24/04/17,14.289,xqjump26
52621,4,ace,4/5/2015,35.627,xqjump41
52657,4,ace,1/11/2016,23.567,xspawnjump_2
52664,4,ace,24/03/16,18.634,zfm_jump
52702,4,ace,2/11/2015,143.968,rapture02
52712,4,ace,26/11/15,18.481,duelingtowers
52718,4,ace,4/1/2016,15.566,adrenjumps49
52723,4,ace,12/1/2016,34.884,adrenjumps50
52724,4,ace,27/03/17,47.604,stonerjumps1
52732,4,ace,30/01/16,16.189,0wnz6
52737,4,ace,12/2/2016,116.052,stonerjumps6
52743,4,ace,28/02/16,27.263,layers06
52748,4,ace,20/03/16,49.764,stonerjumps13
52760,4,ace,7/12/2016,15.14,locus2
52765,4,ace,6/3/2017,39.733,mzcagain
412,3,ace,4/12/2014,19.67,1jumpmap
436,3,ace,7/5/2017,55.017,4race4
439,3,ace,4/2/2016,48.722,4race7
440,3,ace,9/4/2017,41.48,4race8
499,3,ace,1/11/2015,82.661,acejumps07
4100,3,ace,9/9/2015,13.079,acejumps08
4109,3,ace,17/06/15,8.516,action_big
4147,3,ace,11/8/2015,34.423,adrenjumps3
4148,3,ace,11/4/2016,5.206,adrenjumps30
4175,3,ace,14/03/17,9.935,adrqj3
4182,3,ace,16/02/16,8.441,ajumpb
4201,3,ace,10/2/2015,27.641,aljump15
4243,3,ace,25/08/15,12.961,aljump32
4255,3,ace,16/08/16,18.506,alrocket1
4268,3,ace,28/11/14,19.164,alt2
4308,3,ace,13/02/17,167.236,apocalypse
4344,3,ace,29/05/14,46.063,apocalypse19
4353,3,ace,3/12/2014,607.275,apocalypse27
4363,3,ace,10/10/2015,64.364,apocalypse34
4369,3,ace,20/10/16,125.68,apocalypse4
4387,3,ace,4/3/2017,28.396,apocalypse58
4388,3,ace,20/09/15,136.818,apocalypse6
4479,3,ace,21/05/17,48.106,ariejump53
4481,3,ace,1/8/2015,225.764,ariejump55
4507,3,ace,13/04/15,18.008,as17
4554,3,ace,15/10/16,248.264,ashtonsjumps3
4555,3,ace,29/06/15,398.173,ashtonsjumps4
4599,3,ace,6/12/2016,70.102,bigrace
4609,3,ace,27/05/16,5.786,bkjump4
4644,3,ace,27/11/15,5.988,bkjump6
4676,3,ace,17/03/15,47.863,bubjump2
4683,3,ace,11/3/2017,15.229,bw
4684,3,ace,8/3/2017,152.439,bw2
4685,3,ace,8/11/2015,55.128,bw3easy
4764,3,ace,16/02/16,10.88,carnage_jumps2
4779,3,ace,6/5/2016,21.767,castrocross
4784,3,ace,17/11/14,34.403,castroeat
4803,3,ace,17/11/16,21.437,cautionjumpz1
4805,3,ace,4/11/2015,31.774,check9b
4854,3,ace,22/05/17,34.558,cityjump1
4863,3,ace,23/01/17,10.041,ckjump3
4871,3,ace,9/2/2016,52.982,clipzratrace
4878,3,ace,22/05/14,18.865,corejumps2
4897,3,ace,2/3/2017,54.687,d3ljump4
4900,3,ace,23/03/17,48.699,d3ljump6b
4902,3,ace,14/01/16,97.265,d3ljump8a
4956,3,ace,26/03/17,41.655,ddjump2a
4974,3,ace,25/10/16,51.788,decerjump5
4985,3,ace,3/12/2014,9.889,decinojump15
41001,3,ace,21/05/17,9.167,demon_cj
41018,3,ace,30/11/15,10.079,dj_half_pipe
41025,3,ace,18/04/15,36.068,dkor
41031,3,ace,12/11/2014,154.067,dopjump
41037,3,ace,7/6/2015,9.715,drachsjump2b1
41054,3,ace,11/4/2016,92.27,dungeon
41056,3,ace,13/11/14,13.344,dxjump2
41070,3,ace,24/04/15,58.652,ecllv2
41094,3,ace,5/12/2016,17.981,ejump3
41180,3,ace,23/07/15,51.972,esjumps4
41183,3,ace,15/07/15,1402.648,eternity
41186,3,ace,12/10/2016,187.435,eternity03
41200,3,ace,10/11/2014,117.136,everjump4
41206,3,ace,17/11/14,92.38,exjumping
41221,3,ace,20/10/15,27.93,fastneasy3
41242,3,ace,11/4/2017,88.094,firejump2
41250,3,ace,21/12/15,53.558,fly2
41277,3,ace,30/11/16,84.643,fragjump2
41283,3,ace,25/04/17,120.484,ft2
41312,3,ace,29/03/17,1.707,gay4
41320,3,ace,27/01/17,18.694,ghost_race
41326,3,ace,4/1/2016,36.865,gibbonjump09
41376,3,ace,9/11/2016,102.308,gxjump5
41417,3,ace,31/03/17,17.348,hellfire_16
41422,3,ace,24/11/16,21.22,hellfire_20
41423,3,ace,23/06/15,36.279,hellfire_21
41430,3,ace,4/5/2015,100.809,hellfire_28
41436,3,ace,20/02/16,43.816,hellfire_33
41523,3,ace,19/10/15,5.553,jasonjumps2
41531,3,ace,19/10/16,18.541,jbtujump1
41611,3,ace,1/3/2017,12.82,jumper
41621,3,ace,18/02/16,17.981,jumphard5
41642,3,ace,2/12/2015,3.782,jumpish23
41657,3,ace,4/11/2016,17.637,jumpish37
41658,3,ace,9/4/2017,47.466,jumpish38
41672,3,ace,18/10/15,12.781,jumpjail2
41688,3,ace,7/10/2014,70.773,jumpwar10
41691,3,ace,6/11/2015,21.349,jumpwar2
41697,3,ace,18/01/15,58.499,jumpwar7
41717,3,ace,4/1/2017,19.352,kenjump1
41718,3,ace,8/2/2015,27.934,kenjump2
41735,3,ace,3/3/2015,42.79,killer2
41738,3,ace,9/8/2015,45.505,kjumps1
41739,3,ace,14/08/15,39,kjumps2
41746,3,ace,9/4/2016,98.957,kokos1
41784,3,ace,8/10/2014,56.092,ldjump2
41809,3,ace,10/4/2015,9.501,lucijump5a
41825,3,ace,15/04/15,22.507,madjumping2004_1
41829,3,ace,2/8/2015,12.636,madjumping4
41861,3,ace,19/04/15,81.606,miscjmpz2a
41883,3,ace,31/07/15,5.5,mulemap11
41886,3,ace,16/06/16,30.811,mulemap14
41898,3,ace,6/1/2015,8.994,mulemap24
41907,3,ace,10/10/2015,5.979,mzc2complete
41909,3,ace,20/06/15,9.108,mzc_action1
41911,3,ace,13/04/15,10.639,n00bjumps
41920,3,ace,15/11/15,41.385,neox5
41925,3,ace,3/4/2016,81.489,neox_2_01
41942,3,ace,14/02/16,19.687,nephi6
41960,3,ace,23/10/16,11.882,njump1a2
41978,3,ace,5/4/2017,35.708,omegarace_01
41991,3,ace,8/10/2014,40.738,owner5
42040,3,ace,3/11/2016,70.913,phxjump55
42048,3,ace,3/5/2015,8.241,phxnoob4
42051,3,ace,7/3/2015,4.019,pimp2
42054,3,ace,28/01/16,3.198,pimp5
42069,3,ace,6/12/2015,7.157,pjump1
42070,3,ace,15/11/14,3.837,platoj5
42096,3,ace,5/7/2015,12.765,poejump1
42287,3,ace,18/02/16,53.217,popsjumpin20
42362,3,ace,3/11/2015,13.483,qw_r_j1
42378,3,ace,22/11/14,36.366,r3_dj
42401,3,ace,20/01/17,28.737,rampspy
42408,3,ace,24/10/15,4.566,rare_trick
42442,3,ace,13/06/15,5.726,retractjump3
42472,3,ace,24/06/15,4.971,secondz4
42480,3,ace,8/11/2015,10.617,segajump1
42499,3,ace,14/12/16,14.81,shais_jump2
42526,3,ace,11/12/2014,27.495,sk3lsjump20
42541,3,ace,31/10/16,67.967,sk3lsjump33
42545,3,ace,8/10/2014,29.627,sk3lsjump37
42553,3,ace,9/3/2015,165.816,sk3lsjump45
42554,3,ace,4/11/2016,85.658,sk3lsjump46
42558,3,ace,4/4/2016,12.891,sk3lsjump5
42574,3,ace,11/5/2016,9.84,skilljumpz2
42595,3,ace,7/4/2015,33.348,slipmap18
42610,3,ace,2/11/2016,161.107,slipmap32
42625,3,ace,26/10/16,89.406,slipmap44
42633,3,ace,23/11/15,13.186,slipmap8
42636,3,ace,20/11/16,43.505,slowjump1
42677,3,ace,27/06/16,59.985,speed
42698,3,ace,19/04/15,40.043,spjump24
42707,3,ace,12/12/2016,60.219,spjump32b
42748,3,ace,11/2/2016,16.535,spytrick2
42800,3,ace,13/06/15,38.695,stubbsyjump2
42824,3,ace,2/11/2015,1171.561,stubbsyjump42
42854,3,ace,9/12/2015,4.335,test0rv0.5
42857,3,ace,7/5/2017,34.16,tgajump1
42888,3,ace,7/2/2017,26.193,thewill19
42900,3,ace,10/10/2015,6.231,thewill27
42919,3,ace,22/10/14,67.504,thewill40
42931,3,ace,27/02/16,43.131,thewill51
42966,3,ace,22/04/16,27.098,tonyscage
42989,3,ace,6/7/2015,35.746,triggz-jump18
43019,3,ace,15/10/15,44.489,ughhjumps3
43040,3,ace,3/4/2016,26.82,uzijump1
43042,3,ace,7/1/2016,82.492,vjjump3
43048,3,ace,20/06/15,40.616,void6
43065,3,ace,31/12/15,18.629,winjump4
43336,3,ace,22/07/15,31.205,xqjump20
43370,3,ace,17/12/16,6.144,xqjump45
43387,3,ace,8/8/2015,14.618,xqnewb2
43416,3,ace,15/07/15,55.044,ziolojumps8
43426,3,ace,14/08/15,47.405,iceicebaby
43429,3,ace,19/10/15,21.592,mzc4
43433,3,ace,12/8/2015,17.462,mzc10
43443,3,ace,2/10/2015,31.622,layers02
43447,3,ace,26/10/15,208.885,rapture01
43455,3,ace,14/11/15,24.574,bw5
43470,3,ace,10/1/2016,28.593,n00bz0r-05
43478,3,ace,26/01/16,101.737,stonerjumps4
43479,3,ace,5/2/2016,60.057,acejumps22
43492,3,ace,26/02/16,85.726,stonerjumps10
43500,3,ace,25/04/16,214.583,acejumps27
43504,3,ace,27/12/16,89.615,hangtime2-1
43505,3,ace,18/10/16,65.328,kr3w-2
43512,3,ace,27/12/16,19.721,acejumps33
43513,3,ace,18/01/17,22.546,mako1
43514,3,ace,5/3/2017,32.536,acejumps35
312,2,ace,23/04/16,27.645,132tree
358,2,ace,4/3/2016,60.973,4race6
3100,2,ace,23/05/17,27.802,a2-02-moonrace_1
3127,2,ace,12/11/2014,42.583,acejumps01
3138,2,ace,30/12/16,190.559,acejumps11
3142,2,ace,28/07/15,39.729,acejumps16
3275,2,ace,15/02/16,22.289,aljump16
3286,2,ace,20/05/17,2.528,aljump22
3293,2,ace,31/10/15,9.486,aljump27
3298,2,ace,20/06/15,40.173,aljump30
3307,2,ace,17/04/15,11.131,aljumpnoob3
3360,2,ace,2/11/2016,137.703,alt11
3377,2,ace,2/11/2016,40.129,alt8
3466,2,ace,15/12/15,26.058,apkisjump5
3469,2,ace,14/10/16,145.964,apocalypse11
3473,2,ace,28/10/16,19.089,apocalypse15
3492,2,ace,24/02/15,27.487,apocalypse2b
3497,2,ace,28/10/15,34.893,apocalypse33
3499,2,ace,10/2/2017,10.191,apocalypse35
3704,2,ace,6/3/2017,38.834,ariejump6
3806,2,ace,21/08/15,38.638,astejumpz1
3868,2,ace,4/1/2015,26.838,atr_kjump10
3882,2,ace,4/8/2015,86.422,b0at11
3981,2,ace,6/12/2016,34.877,bkjump3
3988,2,ace,5/12/2015,5.816,bkjump8
3990,2,ace,25/10/16,331.755,bkjump9
31006,2,ace,6/1/2015,37.534,bluehardjumps1
31059,2,ace,24/10/16,39.724,calijump1
31098,2,ace,4/12/2015,4.77,castrorace
31261,2,ace,23/11/15,3.201,cjmps3
31263,2,ace,14/11/14,157.524,cjumps1
31283,2,ace,26/03/17,3.543,cobra1
31286,2,ace,19/08/15,30.105,cosjumpz
31304,2,ace,21/07/15,31.396,d3ljump2a
31322,2,ace,23/10/16,52.896,danjumps5
31356,2,ace,12/4/2017,133.551,decinojump10
31359,2,ace,10/2/2017,56.079,decinojump12
31373,2,ace,10/11/2016,79.939,decinojump4
31403,2,ace,10/6/2016,85.755,direkjumps4
31523,2,ace,21/06/15,221.999,eternity02
31537,2,ace,11/4/2016,76.3,everjump2
31547,2,ace,20/10/16,32.365,exjumping2
31560,2,ace,12/1/2017,17.489,fastneasy1
31573,2,ace,23/03/15,46.351,fearjumps13
31593,2,ace,8/2/2017,24.972,flunxmap2
31726,2,ace,11/12/2016,13.95,grjump1
31728,2,ace,20/05/16,43.098,grjump3
31760,2,ace,11/2/2016,5.377,h4ppyjump7
31777,2,ace,18/12/16,5.713,hawkjmp2
31823,2,ace,14/02/16,51.804,hellfire_38
31839,2,ace,25/10/16,35.345,hellfire_52
31847,2,ace,24/04/17,10.879,hellfire_6
31865,2,ace,30/11/15,19.611,hilljumps
31903,2,ace,9/4/2015,177.399,indorjump6
31920,2,ace,17/04/16,82.755,jblazejmp1
31940,2,ace,27/03/17,13.887,jfp
31946,2,ace,10/10/2015,8.958,jiggajump5
31951,2,ace,5/5/2015,3.283,jjump4
31976,2,ace,27/04/16,39.647,jojump16
32001,2,ace,13/10/15,10.263,jump2thesky
32003,2,ace,15/09/15,5.686,jump_training
32008,2,ace,27/01/16,6.263,jumpdm1
32009,2,ace,17/10/15,8.885,jumpeasy1
32024,2,ace,24/06/15,7.767,jumpish13
32061,2,ace,12/6/2015,9.636,jumplava2
32072,2,ace,7/3/2015,12.42,jumptest
32494,2,ace,9/12/2016,45.066,luumjump1
32501,2,ace,8/5/2015,365.727,madjumping2001
32510,2,ace,17/04/15,12.987,madjumping6
32519,2,ace,18/10/15,22.309,maximumred
32542,2,ace,7/2/2017,67.728,miscjmpz1a
32555,2,ace,14/04/15,86.973,moomap4
32567,2,ace,27/06/16,23.239,mulejumps3
32591,2,ace,14/08/15,9.503,mzc1
32655,2,ace,19/10/14,17.269,ngqjump1
32670,2,ace,31/12/15,24.263,novajump2
32697,2,ace,27/07/15,28.721,owner7
32704,2,ace,10/3/2015,89.928,phxjump
32720,2,ace,27/10/15,80.644,phxjump24
32743,2,ace,26/04/17,117.321,phxjump41
32768,2,ace,31/03/17,3.761,pimp1
32840,2,ace,21/04/16,65.178,podjump
32952,2,ace,13/06/15,9.275,qdtjump1
33015,2,ace,1/12/2015,2.253,ramptest1
33024,2,ace,2/8/2015,174.149,rareclipzjump4
33525,2,ace,28/11/15,30.65,sk3lsjump14
33534,2,ace,13/02/17,21.319,sk3lsjump22
33558,2,ace,15/07/16,69.898,sk3lsjump40
33566,2,ace,14/11/14,195.817,sk3lsjump49
33598,2,ace,5/2/2016,44.29,slipmap12
33617,2,ace,20/02/16,10.01,slipmap26
33634,2,ace,14/11/14,21.821,slipmap3a
33714,2,ace,8/4/2017,12.906,spjump17
33757,2,ace,3/5/2015,2.189,spskate3
33777,2,ace,25/02/16,31.194,spytrick1
33823,2,ace,3/6/2017,11.606,strafejumping
33861,2,ace,19/03/16,388.762,stubbsyjump35
33863,2,ace,23/03/17,305.222,stubbsyjump37
33873,2,ace,19/10/15,18.672,stubbsyjump6
33880,2,ace,5/12/2016,27.568,talljump3
33907,2,ace,16/12/15,8.362,tgajump3
33921,2,ace,13/10/15,2.455,thejump
33966,2,ace,10/11/2014,400.485,thewill34
33996,2,ace,5/2/2017,8.673,thewill56
34029,2,ace,19/01/16,28.788,towercrates
34615,2,ace,2/11/2016,33.222,wtf
34623,2,ace,3/19/2015,11.477,xcjump1
34627,2,ace,26/03/17,61.144,xjump1
34640,2,ace,29/09/15,10.84,xqcrap5
34648,2,ace,10/2/2017,2.744,xqjump12
34657,2,ace,20/11/16,24.867,xqjump18
34717,2,ace,3/11/2016,10.758,xqjump8
34742,2,ace,24/11/15,6.463,xyzjump1
34763,2,ace,3/8/2016,190.693,acejumps17
34766,2,ace,5/2/2016,19.742,iceicebaby2
34770,2,ace,19/01/16,21.785,mzc7
34811,2,ace,6/1/2016,304.485,acejumps21
34818,2,ace,10/12/2016,65.203,stonerjumps3
34829,2,ace,16/02/16,90.415,stonerjumps7
34837,2,ace,15/03/16,77.441,stonerjumps12
34839,2,ace,23/03/16,392.734,acejumps25
34841,2,ace,10/4/2016,170.089,hangtime2-2
34843,2,ace,29/05/16,19.758,fly2_ice
34844,2,ace,31/10/16,61.767,acejumps29
34845,2,ace,18/07/16,27.148,acejumps30
34850,2,ace,26/10/16,31.603,layers07
34851,2,ace,31/10/16,179.418,acejumps32
34854,2,ace,7/12/2016,22.038,locus3
34857,2,ace,21/02/17,6801.985,ataraxia
34858,2,ace,4/3/2017,43.364,acejumps34
34861,2,ace,8/4/2017,53.952,acejumps36
34862,2,ace,23/03/17,35.025,mzccross
2153,1,ace,18/10/15,32.181,acejumps06
2497,1,ace,7/3/2015,3.241,aljump4
2602,1,ace,12/2/2017,33.019,alt19
2700,1,ace,21/06/15,34.092,ancientgouki4
2704,1,ace,31/05/16,18.357,ancientgouki7
21378,1,ace,8/2/2016,59.786,blastjump2
21542,1,ace,14/04/17,4.776,castrorace2
21682,1,ace,30/03/17,8.58,ddrace
21735,1,ace,29/11/16,29.816,demijump
21743,1,ace,25/10/16,17.967,denjump2
21745,1,ace,11/12/2016,5.806,denjump3
21756,1,ace,17/04/15,10.771,direkjumps2
21813,1,ace,21/11/14,26.785,dsoq2
21870,1,ace,12/3/2017,47.775,edvinjump7
21893,1,ace,14/02/17,11.19,epicjump2
22061,1,ace,25/04/17,2.185,gay11
22062,1,ace,4/12/2015,1.444,gay12
22094,1,ace,15/02/17,11.756,gouki1
22095,1,ace,20/05/16,14.312,gouki2
22580,1,ace,16/08/15,17.967,hellfire_15
22669,1,ace,9/4/2017,3.277,hitjumps
22759,1,ace,4/11/2016,9.526,jiggajump3c
22928,1,ace,30/11/15,2.215,jumpish7
23065,1,ace,4/8/2016,24.524,lazyjump2_test1
23677,1,ace,22/10/15,21.666,madjumping2002
23689,1,ace,27/04/16,16.126,madjumping8
23730,1,ace,14/03/17,15.002,moomap10
23740,1,ace,14/02/17,13.532,moomap3
23745,1,ace,1/8/2015,49.953,moomap8
23798,1,ace,18/12/16,6.177,nahjump1
23834,1,ace,10/12/2016,4.292,nephi5
24001,1,ace,25/04/17,4.009,pimp4
24005,1,ace,4/12/2015,3.109,pimp8
24037,1,ace,29/03/17,53.958,play8
24061,1,ace,15/09/15,55.087,popsjmp3
24864,1,ace,16/10/14,30.597,qwerty3
24957,1,ace,22/11/16,22.681,rekhanjump1
24971,1,ace,26/06/15,10.881,retractramp
25010,1,ace,8/2/2015,4.387,servermap3
25012,1,ace,1/4/2017,4.353,servermap5
25013,1,ace,31/03/17,5.664,servermap6
25048,1,ace,2/5/2017,66.299,sk3lsjump24
25062,1,ace,27/05/16,104.158,sk3lsjump38
25066,1,ace,18/08/15,57.514,sk3lsjump41
25067,1,ace,6/2/2017,177.982,sk3lsjump42
25087,1,ace,14/04/17,3.59,skatejumps
25839,1,ace,11/5/2016,9.884,slipmap15
25859,1,ace,16/05/17,27.214,slipmap29
25913,1,ace,6/11/2015,2.54,smaug4
25931,1,ace,16/12/16,13.359,snakej9a
25947,1,ace,29/12/16,60.272,sonicjump9
25983,1,ace,10/12/2016,20.027,spjump31a
26008,1,ace,19/05/17,4.088,spydajump1
26902,1,ace,24/11/15,9.771,tehjump5
27031,1,ace,1/12/2015,4.379,thewill9
27068,1,ace,23/08/15,25.479,triggz-jump6
27071,1,ace,8/2/2015,5.517,triggz-jump9
27925,1,ace,15/05/15,7.798,wauwau10
28017,1,ace,1/11/2015,13.239,xqjump28
28022,1,ace,10/6/2015,4.294,xqjump32
28065,1,ace,3/4/2016,43.044,xysanttreehouse
28940,1,ace,5/12/2015,32.725,acejumps18
28982,1,ace,8/4/2016,70.859,acejumps26
28989,1,ace,5/2/2017,60.608,acejumps28
28994,1,ace,7/4/2017,13.261,locus1
